{
  "last_processed_index": 2001052,
  "best_resonances": {
    "gravitational": {
      "zero_index": 833507,
      "gamma": 508397.511089391,
      "quality": 1.6800538788620163e-17,
      "tolerance": 1e-10,
      "constant_name": "gravitational",
      "constant_value": 6.6743e-11,
      "energy_gev": 50839.751108939105
    },
    "hbar": {
      "zero_index": 1845153,
      "gamma": 1051303.966566361,
      "quality": 6.758908759616707e-42,
      "tolerance": 1e-33,
      "constant_name": "hbar",
      "constant_value": 1.054571817e-34,
      "energy_gev": 105130.3966566361
    },
    "mu_0": {
      "zero_index": 966205,
      "gamma": 581727.288986198,
      "quality": 2.1904597276647952e-14,
      "tolerance": 1e-05,
      "constant_name": "mu_0",
      "constant_value": 1.25663706212e-06,
      "energy_gev": 58172.728898619804
    }
  },
  "start_time": 1755858065.3748002,
  "total_zeros": 2001052
}