constant,k,gamma_k,C,error_percent
mp_me,1368,1835.883754438,1836.15267343,0.014645786044442666
mp_me,1369,1836.827672516,1836.15267343,0.036761599172407955
